{"cameraMode":{"drawMode":0,"name":"Shaded","section":"Shading Mode"},"sceneLighting":false,"audioPlay":false,"sceneViewState":{"m_AlwaysRefresh":false,"showFog":true,"showSkybox":false,"showFlares":true,"showImageEffects":false,"showParticleSystems":true,"showVisualEffectGraphs":true,"m_FxEnabled":true},"in2DMode":false,"pivot":{"x":238.81520080566407,"y":142.1630096435547,"z":314.4023742675781},"rotation":{"x":-0.03330269455909729,"y":0.014091740362346173,"z":-0.00045938719995319843,"w":-0.999395489692688},"size":282.30877685546877,"orthographic":false}