{"cameraMode":{"drawMode":0,"name":"Shaded","section":"Shading Mode"},"sceneLighting":false,"audioPlay":false,"sceneViewState":{"m_AlwaysRefresh":false,"showFog":true,"showSkybox":false,"showFlares":true,"showImageEffects":false,"showParticleSystems":true,"showVisualEffectGraphs":true,"m_FxEnabled":true},"in2DMode":false,"pivot":{"x":-0.37932702898979189,"y":0.047867633402347568,"z":-0.20736819505691529},"rotation":{"x":0.02763635665178299,"y":-0.9217278957366943,"z":0.06675565987825394,"w":0.38115090131759646},"size":0.7071067690849304,"orthographic":false}