{"cameraMode":{"drawMode":0,"name":"Shaded","section":"Shading Mode"},"sceneLighting":false,"audioPlay":false,"sceneViewState":{"m_AlwaysRefresh":false,"showFog":true,"showSkybox":false,"showFlares":true,"showImageEffects":false,"showParticleSystems":true,"showVisualEffectGraphs":true,"m_FxEnabled":true},"in2DMode":false,"pivot":{"x":4.512626647949219,"y":0.1585036665201187,"z":-7.396744728088379},"rotation":{"x":0.025491589680314065,"y":0.02159368246793747,"z":-0.0005500786937773228,"w":0.9994492530822754},"size":1.7179607152938843,"orthographic":false}