{"cameraMode":{"drawMode":0,"name":"Shaded","section":"Shading Mode"},"sceneLighting":false,"audioPlay":false,"sceneViewState":{"m_AlwaysRefresh":false,"showFog":true,"showSkybox":false,"showFlares":true,"showImageEffects":false,"showParticleSystems":true,"showVisualEffectGraphs":true,"m_FxEnabled":true},"in2DMode":false,"pivot":{"x":-0.09974539279937744,"y":-2.295424461364746,"z":7.137683868408203},"rotation":{"x":0.20704998075962068,"y":-0.11358433216810227,"z":0.024210043251514436,"w":0.9714166522026062},"size":6.310063362121582,"orthographic":false}