{"cameraMode":{"drawMode":0,"name":"Shaded","section":"Shading Mode"},"sceneLighting":false,"audioPlay":false,"sceneViewState":{"m_AlwaysRefresh":false,"showFog":true,"showSkybox":false,"showFlares":true,"showImageEffects":false,"showParticleSystems":true,"showVisualEffectGraphs":true,"m_FxEnabled":true},"in2DMode":false,"pivot":{"x":0.9756879806518555,"y":2.6533899307250978,"z":-2.322673797607422},"rotation":{"x":-0.10803218930959702,"y":0.036379843950271609,"z":-0.003940841648727655,"w":-0.9935222864151001},"size":9.550000190734864,"orthographic":false}