{"cameraMode":{"drawMode":0,"name":"Shaded","section":"Shading Mode"},"sceneLighting":false,"audioPlay":false,"sceneViewState":{"m_AlwaysRefresh":false,"showFog":true,"showSkybox":false,"showFlares":true,"showImageEffects":false,"showParticleSystems":true,"showVisualEffectGraphs":true,"m_FxEnabled":true},"in2DMode":false,"pivot":{"x":5.539480209350586,"y":-0.34324195981025698,"z":-4.126837730407715},"rotation":{"x":0.03149360045790672,"y":-0.009892776608467102,"z":0.0003123503120150417,"w":0.9994627237319946},"size":3.3247389793395998,"orthographic":false}