{"cameraMode":{"drawMode":0,"name":"Shaded","section":"Shading Mode"},"sceneLighting":false,"audioPlay":false,"sceneViewState":{"m_AlwaysRefresh":false,"showFog":true,"showSkybox":false,"showFlares":true,"showImageEffects":false,"showParticleSystems":true,"showVisualEffectGraphs":true,"m_FxEnabled":true},"in2DMode":false,"pivot":{"x":-0.36593014001846316,"y":-1.5842498540878297,"z":1.0452667474746705},"rotation":{"x":0.004242615308612585,"y":-0.7070940732955933,"z":0.00424261623993516,"w":0.7070940732955933},"size":6.310063362121582,"orthographic":false}