{"cameraMode":{"drawMode":0,"name":"Shaded","section":"Shading Mode"},"sceneLighting":true,"audioPlay":false,"sceneViewState":{"m_AlwaysRefresh":false,"showFog":true,"showSkybox":false,"showFlares":true,"showImageEffects":false,"showParticleSystems":true,"showVisualEffectGraphs":true,"m_FxEnabled":true},"in2DMode":false,"pivot":{"x":0.1357031911611557,"y":-0.3036229908466339,"z":0.33376580476760867},"rotation":{"x":-0.06453686952590943,"y":-0.18276742100715638,"z":-0.012029279954731465,"w":0.9810352325439453},"size":1.1874781847000123,"orthographic":false}