{"cameraMode":{"drawMode":0,"name":"Shaded","section":"Shading Mode"},"sceneLighting":true,"audioPlay":false,"sceneViewState":{"m_AlwaysRefresh":false,"showFog":true,"showSkybox":false,"showFlares":true,"showImageEffects":false,"showParticleSystems":true,"showVisualEffectGraphs":true,"m_FxEnabled":true},"in2DMode":false,"pivot":{"x":1.0417085886001588,"y":-0.5287972092628479,"z":-1.6632180213928223},"rotation":{"x":-0.21110929548740388,"y":-0.19610723853111268,"z":-0.04329032078385353,"w":0.9566810131072998},"size":1.1874781847000123,"orthographic":false}