{"cameraMode":{"drawMode":0,"name":"Shaded","section":"Shading Mode"},"sceneLighting":true,"audioPlay":false,"sceneViewState":{"m_AlwaysRefresh":false,"showFog":true,"showSkybox":false,"showFlares":true,"showImageEffects":false,"showParticleSystems":true,"showVisualEffectGraphs":true,"m_FxEnabled":true},"in2DMode":false,"pivot":{"x":0.017229652032256128,"y":-0.9175741672515869,"z":2.1651692390441896},"rotation":{"x":-0.03568406030535698,"y":-0.011684827506542206,"z":-0.00037978554610162973,"w":0.999376654624939},"size":1.5986831188201905,"orthographic":false}