{"cameraMode":{"drawMode":0,"name":"Shaded","section":"Shading Mode"},"sceneLighting":true,"audioPlay":false,"sceneViewState":{"m_AlwaysRefresh":false,"showFog":true,"showSkybox":false,"showFlares":true,"showImageEffects":false,"showParticleSystems":true,"showVisualEffectGraphs":true,"m_FxEnabled":true},"in2DMode":false,"pivot":{"x":-0.5337494015693665,"y":0.4773849546909332,"z":-0.3896438181400299},"rotation":{"x":0.016786737367510797,"y":0.9829689264297485,"z":0.11703082174062729,"w":-0.14103001356124879},"size":1.6309819221496583,"orthographic":false}