{"cameraMode":{"drawMode":0,"name":"Shaded","section":"Shading Mode"},"sceneLighting":true,"audioPlay":false,"sceneViewState":{"m_AlwaysRefresh":false,"showFog":true,"showSkybox":false,"showFlares":true,"showImageEffects":false,"showParticleSystems":true,"showVisualEffectGraphs":true,"m_FxEnabled":true},"in2DMode":false,"pivot":{"x":-0.07141782343387604,"y":0.1932099312543869,"z":-0.6256464719772339},"rotation":{"x":0.043455660343170169,"y":0.037751033902168277,"z":0.001643388532102108,"w":-0.998347818851471},"size":0.8660253882408142,"orthographic":false}