{"cameraMode":{"drawMode":0,"name":"Shaded","section":"Shading Mode"},"sceneLighting":true,"audioPlay":false,"sceneViewState":{"m_AlwaysRefresh":false,"showFog":true,"showSkybox":false,"showFlares":true,"showImageEffects":false,"showParticleSystems":true,"showVisualEffectGraphs":true,"m_FxEnabled":true},"in2DMode":false,"pivot":{"x":-6.547600746154785,"y":-13.591689109802246,"z":-68.26131439208985},"rotation":{"x":-0.0002752463333308697,"y":0.9955722093582153,"z":-0.09436245262622833,"w":-0.0029873920138925316},"size":40.0130615234375,"orthographic":false}