{"cameraMode":{"drawMode":0,"name":"Shaded","section":"Shading Mode"},"sceneLighting":false,"audioPlay":false,"sceneViewState":{"m_AlwaysRefresh":false,"showFog":true,"showSkybox":false,"showFlares":true,"showImageEffects":false,"showParticleSystems":true,"showVisualEffectGraphs":true,"m_FxEnabled":true},"in2DMode":false,"pivot":{"x":-0.64362633228302,"y":-0.4471445083618164,"z":0.7115324139595032},"rotation":{"x":-0.0004272839578334242,"y":0.9990107417106628,"z":-0.009300942532718182,"w":-0.04468359053134918},"size":0.5196152925491333,"orthographic":false}