{"cameraMode":{"drawMode":0,"name":"Shaded","section":"Shading Mode"},"sceneLighting":true,"audioPlay":false,"sceneViewState":{"m_AlwaysRefresh":false,"showFog":true,"showSkybox":false,"showFlares":true,"showImageEffects":false,"showParticleSystems":true,"showVisualEffectGraphs":true,"m_FxEnabled":true},"in2DMode":false,"pivot":{"x":0.7547997236251831,"y":0.16432799398899079,"z":1.1759761571884156},"rotation":{"x":-0.009499169886112214,"y":0.891624391078949,"z":-0.018727410584688188,"w":-0.4523538649082184},"size":1.5986827611923218,"orthographic":false}