{"cameraMode":{"drawMode":0,"name":"Shaded","section":"Shading Mode"},"sceneLighting":false,"audioPlay":false,"sceneViewState":{"m_AlwaysRefresh":false,"showFog":true,"showSkybox":false,"showFlares":true,"showImageEffects":false,"showParticleSystems":true,"showVisualEffectGraphs":true,"m_FxEnabled":true},"in2DMode":false,"pivot":{"x":-0.01224436517804861,"y":0.2015594094991684,"z":-1.012445092201233},"rotation":{"x":-0.06026831641793251,"y":0.017068522050976754,"z":-0.0010194610804319382,"w":-0.9980875849723816},"size":0.5196152925491333,"orthographic":false}